<?xml version="1.0" encoding="UTF-8"?>
<!DOCTYPE suite SYSTEM "http://testng.org/testng-1.0.dtd">
<suite name="Suite">
<parameter name="browser" value="chrome"></parameter>
<parameter name="url" value="http://localhost:8080/fhir"></parameter>
<parameter name="username" value=""></parameter>
<parameter name="password" value=""></parameter>
  <test thread-count="5" name="Test">
    <classes>
      <class name="testcases.TC001ClickPatient"/>
    </classes>
  </test> <!-- Test -->
</suite> <!-- Suite -->
